id,title,first_name,last_name,name_suffix,gender,city,country,birth_date
1,Honorable,Tore,Colenutt,,Male,Picoto,Portugal,01.06.1613
2,,Pete,Diter,,Male,Krasnyye Chetai,Russia,29.01.1612
3,Mr,Aylmar,Dohrmann,,Male,Jeffersonville,United States,04.12.1880
4,,Giusto,Najafian,,Male,Kyzyl,Russia,06.12.1844
5,,Shanan,Morewood,II,Male,Borlänge,Sweden,19.03.1603
6,,Roi,Purver,,Male,Antony,France,27.08.1701
7,Honorable,Gallard,Brimner,,Male,Ţalkhā,Egypt,06.02.1881
8,Mr,Dania,Switland,,Female,Shaba,China,13.08.1828
9,,Maxy,Grieswood,II,Female,Psevdás,Cyprus,07.10.1770
10,,Boote,Mordecai,,Male,Mosal’sk,Russia,16.01.1720
11,,Bridie,Holdworth,,Female,Juli,Peru,18.06.1671
12,,Ludovico,Arpino,,Male,Sadská,Czech Republic,11.05.1824
13,,Hinda,Cavaney,,Female,Lubenia,Poland,12.06.1817
14,,Umeko,Perkin,,Female,Eha Amufu,Nigeria,26.06.1688
15,,Kelwin,Elleton,,Male,Кондово,Macedonia,27.07.1789
16,,Ted,Richen,,Female,Al ‘Āqir,Yemen,10.06.1697
17,,Gunar,Musto,,Male,Almalaguês,Portugal,06.09.1687
18,,Udale,Heinke,,Male,Ursynów,Poland,07.06.1775
19,Ms,Glen,Saundercock,,Male,Zrenjanin,Serbia,29.04.1779
20,,Demetre,Hatfull,,Male,Ondo,Nigeria,27.08.1617
21,,Webster,Ninnis,,Male,Divinópolis,Brazil,29.09.1661
22,,Julie,Houldey,,Male,Jiaoxiyakou,China,06.01.1739
23,Honorable,Alonzo,Sonnenschein,,Male,Palana,Russia,01.12.1836
24,,Verine,Cammocke,,Female,Haihui,China,21.12.1706
25,,Ara,Diboll,,Male,Pridonskoy,Russia,01.03.1677
26,,Griffy,Fosberry,,Male,Gongnong,China,20.07.1828
27,,Darby,Yakov,,Female,Raciąż,Poland,01.01.1696
28,Honorable,Jecho,Lydiatt,,Male,Obikiik,Tajikistan,14.09.1852
29,,Frederico,McClay,,Male,Esplanada,Brazil,23.04.1746
30,,Grayce,Gilleson,,Female,Semypolky,Ukraine,06.12.1652
31,,Alon,Meo,,Male,Dongdajie,China,30.05.1617
32,Honorable,Latrina,Runnacles,,Female,Trindade,Brazil,01.05.1609
33,Ms,Yank,Handforth,III,Male,Esil,Kazakhstan,29.08.1617
34,Dr,Brook,Knightley,,Female,Lumatil,Philippines,01.01.1735
35,,Elicia,Cutforth,,Female,Zhirnovsk,Russia,11.07.1693
36,Ms,Blisse,Whissell,,Female,Québec,Canada,15.06.1632
37,Rev,Miquela,Appleby,,Female,Ten’gushevo,Russia,28.10.1790
38,Mr,Darcie,Edmondson,,Female,Araguari,Brazil,03.04.1779
39,,Jerrie,Kiendl,,Male,Svedala,Sweden,11.08.1848
40,Mr,Terrence,Northam,,Male,Åhus,Sweden,06.01.1631
41,Honorable,Heywood,Fawdrie,,Male,Aglipay,Philippines,31.07.1836
42,,Beltran,Vanacci,,Male,Washington,United States,20.05.1895
43,,Phillipp,McGenn,,Male,Shuiyang,China,23.08.1767
44,Mr,Reese,Ovens,,Male,Mölndal,Sweden,13.06.1888
45,,Hasheem,Theseira,,Male,Bộc Bố,Vietnam,01.02.1749
46,,Levin,De Francisci,,Male,Putou,China,21.03.1697
47,,Odo,Braidwood,,Male,Ban Na Muang,Thailand,30.10.1653
48,,Abdel,Dayce,,Male,Stryszawa,Poland,10.11.1742
49,Honorable,Lindon,Presswell,,Male,Maha Sarakham,Thailand,11.12.1808
50,,Mela,Kienlein,,Female,Huskvarna,Sweden,04.02.1849
51,,Dacy,Kennaway,,Female,Paris 14,France,04.08.1702
52,,Tuesday,Astie,IV,Female,Frisange,Luxembourg,06.08.1700
53,Mrs,Inge,Crake,,Female,Ziębice,Poland,29.10.1689
54,,Ulrick,Crellim,,Male,Osh,Kyrgyzstan,30.08.1629
55,Rev,Kennett,Botte,,Male,Amman,Jordan,04.02.1673
56,,Karine,Wilkinson,,Female,Taltal,Chile,03.02.1674
57,,Glenna,Elvey,,Female,Ulyanovsk,Russia,18.08.1835
58,,Fred,Whistan,,Female,Anna Regina,Guyana,01.10.1608
59,Mrs,Bailey,Crumb,,Male,Macapsing,Philippines,19.04.1705
60,Rev,Cariotta,Waith,,Female,Samoš,Serbia,11.10.1660
61,,Lilith,Scothern,Jr,Female,Bergamo,Italy,17.07.1672
62,,Cly,Sinnat,,Male,Sumberkenanga,Indonesia,23.10.1621
63,,Carlie,Test,,Female,Łomża,Poland,15.07.1814
64,,Talia,Pook,,Female,Węgorzyno,Poland,12.04.1707
65,Mrs,Derk,Troy,,Male,Pagarbatu,Indonesia,10.06.1635
66,,Lorinda,Slatten,,Female,Oebobo,Indonesia,14.03.1658
67,,Jewelle,Bendson,,Female,Mukacheve,Ukraine,11.07.1668
68,Mr,Alli,Greatreax,,Female,Liloy,Philippines,04.03.1869
69,,Luis,Scain,,Male,Danilov,Russia,04.11.1844
70,Rev,Binnie,Gedney,,Female,Maszewo Duże,Poland,12.03.1652
71,,Rudolf,Kilrow,,Male,Palkino,Russia,01.02.1614
72,Honorable,Franny,Ashburner,,Female,Nanxing,China,29.12.1837
73,Mrs,Lawton,Klimov,,Male,Bozhou,China,30.10.1762
74,Mr,Vail,Vaszoly,,Male,Remolino,Colombia,21.07.1844
75,Honorable,Dorella,Pietraszek,,Female,Hengshi,China,12.11.1734
76,Rev,Bruce,Pauncefort,,Male,Kuala Lumpur,Malaysia,16.01.1664
77,Rev,Katy,Patzelt,,Female,Shushenskoye,Russia,18.10.1740
78,Rev,Wainwright,O'Brogan,,Male,Silvares,Portugal,17.09.1607
79,,Graehme,Luck,,Male,Kivsharivka,Ukraine,24.12.1847
80,,Yank,Gornall,,Male,Nueva Guadalupe,El Salvador,16.05.1779
81,Ms,Igor,Reolfi,,Male,Piritiba,Brazil,14.04.1664
82,Mrs,Kim,Deaconson,,Male,Vendychany,Ukraine,22.11.1888
83,,Syd,Poe,,Male,Aragua de Barcelona,Venezuela,01.04.1880
84,Honorable,Jamal,Segoe,III,Male,Dayr Sāmit,Palestinian Territory,28.11.1723
85,Ms,Gaylene,Rohlfs,,Female,Shanmei,China,04.08.1721
86,Mrs,Allyn,Maultby,,Female,Vondrozo,Madagascar,03.04.1707
87,,Karyn,O'Keenan,,Female,Tsaritsyno,Russia,15.02.1796
88,Mr,Frannie,Hurleston,,Female,Jinan-gun,South Korea,31.12.1770
89,,Perice,Meuse,,Male,Sobreira,Portugal,20.07.1778
90,Rev,Sioux,Swayton,,Female,Nova Era,Brazil,23.04.1808
91,Mrs,Terese,Phayre,,Female,Daweishan,China,19.02.1795
92,Ms,Moina,Marcoolyn,,Female,Pinega,Russia,14.05.1622
93,,Vasilis,Leveret,,Male,Beauvais,France,18.04.1748
94,Ms,Marion,Hartas,,Female,Luzhi,China,09.08.1802
95,,Nanny,Orhtmann,,Female,Xiaping,China,04.12.1822
96,Honorable,Bea,Di Nisco,,Female,Văn Điển,Vietnam,29.11.1790
97,Mr,Carolin,Rizzo,,Female,Owando,Republic of the Congo,05.08.1749
98,Mrs,Ulric,Molohan,,Male,Buan,Philippines,29.06.1820
99,,Monroe,Reveland,,Male,Ganjiangtou,China,30.05.1803
100,,Rufus,Loiterton,,Male,København,Denmark,10.08.1889
